id,label
155.jpg,drawings
198.png,drawings
i - 846.jpeg,drawings
i - 905.jpeg,drawings
i - 621.jpeg,engravings
i - 1501.jpeg,drawings
113.jpg,engravings
i - 878.jpeg,engravings
82.jpg,engravings
i - 1233.jpeg,drawings
i - 162.jpeg,drawings
i - 305.jpeg,drawings
278.jpg,drawings
111.jpg,drawings
i - 541.jpeg,drawings
i - 1135 20.26.47.jpeg,painting
i - 74.jpeg,drawings
i - 1318.jpeg,drawings
i - 1313.jpeg,sculpture
i - 416.jpeg,drawings
i - 1093.jpeg,drawings
i - 1183.jpeg,drawings
i - 1005.jpeg,painting
i - 1037.jpeg,iconography
5791_mainfoto_05.jpg,engravings
4428_mainfoto_05.jpg,engravings
i - 134.jpeg,engravings
307.jpg,drawings
i - 1059.jpeg,drawings
26.jpg,drawings
18.jpg,drawings
351 18.59.45.jpg,drawings
7.jpg,drawings
4587_mainfoto_05.jpg,engravings
i - 782.jpeg,sculpture
i - 283.jpeg,drawings
i - 620.jpeg,painting
i - 1406.jpeg,drawings
i - 286.jpeg,iconography
i - 551.jpeg,engravings
312.jpg,drawings
i - 253.jpeg,drawings
i - 811.jpeg,drawings
i - 452.jpeg,engravings
i - 236.jpeg,drawings
i - 128.jpeg,drawings
i - 1502.jpeg,drawings
i - 456.jpeg,engravings
i - 859.jpeg,drawings
i - 1500.jpeg,painting
379.jpg,painting
i - 581.jpeg,painting
i (80).jpeg,iconography
i - 1326.jpeg,sculpture
i - 445.jpeg,painting
2.jpg,drawings
i - 79.jpeg,drawings
i - 755.jpeg,iconography
i - 281.jpeg,drawings
i - 1282.jpeg,drawings
i - 316.jpeg,drawings
i - 1371.jpeg,engravings
4589_mainfoto_05.jpg,engravings
i - 109.jpeg,drawings
i - 1259.jpeg,drawings
66.jpg,drawings
i - 179.jpeg,drawings
i - 729.jpeg,iconography
97.jpg,drawings
249.jpg,drawings
i - 762.jpeg,drawings
241.jpg,drawings
i - 195.jpeg,drawings
27.jpg,drawings
i - 1387.jpeg,engravings
i - 995.jpeg,drawings
i - 1232.jpeg,drawings
i - 1478.jpeg,iconography
199.jpg,iconography
i - 1001.jpeg,drawings
i - 669.jpeg,drawings
288.jpeg,drawings
i - 443.jpeg,drawings
i - 1128.jpeg,drawings
i - 194.jpeg,drawings
292.jpg,drawings
i - 937.jpeg,drawings
i - 482.jpeg,iconography
i - 1124.jpeg,engravings
335.jpg,engravings
i - 1285.jpeg,iconography
i - 1214.jpeg,engravings
5403_mainfoto_05.jpg,engravings
i - 371.jpeg,sculpture
i - 1243.jpeg,painting
i - 1258 20.26.47.jpeg,drawings
5452_mainfoto_05.jpg,drawings
i - 148.jpeg,drawings
i - 1362.jpeg,drawings
i - 1279.jpeg,drawings
i - 702.jpeg,drawings
i - 241.jpeg,drawings
396.jpg,drawings
i - 1389.jpeg,drawings
44.jpg,drawings
i - 591.jpeg,sculpture
146 18.59.45.jpg,drawings
i - 1388.jpeg,drawings
i - 1208.jpeg,engravings
i - 110.jpeg,drawings
i - 608.jpeg,drawings
i - 651.jpeg,engravings
i - 901.jpeg,drawings
i - 1302.jpeg,painting
i - 178.jpeg,drawings
251.jpg,engravings
i - 1401.jpeg,engravings
372.png,drawings
i - 349.jpeg,drawings
i - 163.jpeg,drawings
i - 603.jpeg,drawings
i - 44.jpeg,painting
i - 773.jpeg,drawings
i - 1045.jpeg,drawings
i - 312.jpeg,drawings
i - 1242.jpeg,painting
i - 95.jpeg,drawings
4427_mainfoto_05.jpg,drawings
i - 322.jpeg,painting
i - 1134.jpeg,sculpture
i - 1301.jpeg,drawings
i - 296.jpeg,drawings
377.jpg,drawings
i - 370.jpeg,drawings
i - 836.jpeg,engravings
i - 229.jpeg,engravings
i - 1440.jpeg,drawings
i - 1317.jpeg,sculpture
56.png,drawings
i - 812.jpeg,engravings
i - 679.jpeg,engravings
i - 610.jpeg,engravings
i - 650.jpeg,drawings
4429_mainfoto_05.jpg,drawings
i - 1154.jpeg,drawings
i - 1100.jpeg,engravings
215.jpg,painting
i - 1272.jpeg,engravings
i - 1361.jpeg,engravings
294.jpg,drawings
i - 688.jpeg,drawings
i - 1072.jpeg,drawings
375.jpg,drawings
i - 1385.jpeg,drawings
i - 589.jpeg,drawings
i - 29.jpeg,drawings
i - 916.jpeg,drawings
136.jpg,drawings
i - 332.jpeg,engravings
i - 975.jpeg,drawings
i - 45.jpeg,drawings
i - 290.jpeg,engravings
i - 943.jpeg,drawings
i - 869.jpeg,drawings
i - 512.jpeg,engravings
i - 1499.jpeg,engravings
i - 427.jpeg,drawings
i - 432.jpeg,drawings
290.jpg,engravings
302.jpg,drawings
337.jpg,drawings
i - 964.jpeg,drawings
i - 158.jpeg,drawings
i - 1060.jpeg,drawings
i - 1287.jpeg,engravings
i - 1029.jpeg,drawings
i - 692.jpeg,engravings
224.png,drawings
i - 1336.jpeg,painting
i - 120.jpeg,drawings
i - 17.jpeg,iconography
i - 623.jpeg,drawings
i - 1073.jpeg,engravings
i - 240.jpeg,drawings
i - 1176.jpeg,drawings
i - 827.jpeg,engravings
101.jpg,drawings
i - 1230.jpeg,engravings
i - 693.jpeg,drawings
i - 1305.jpeg,drawings
i - 1289.jpeg,engravings
1064.jpg,iconography
1856.jpg,iconography
2024.jpg,engravings
2264.jpg,iconography
1305.jpg,painting
1154.jpg,painting
0814.jpg,iconography
0313.jpg,painting
1442.jpg,painting
0564.jpg,iconography
0940.jpg,iconography
0352.jpg,painting
2017.jpg,painting
1335.jpg,sculpture
2313.jpg,painting
2311.jpg,drawings
1319.jpg,iconography
1182.jpg,painting
2217.jpg,painting
2094.jpg,iconography
1664.jpg,iconography
0793.jpg,iconography
0811.jpg,iconography
1886.jpg,drawings
1456.jpg,engravings
0842.jpg,painting
1327.jpg,engravings
2222.jpg,sculpture
2358.jpg,drawings
2056.jpg,drawings
0279.jpg,painting
0861.jpg,iconography
1236.jpg,engravings
1260.jpg,painting
0240.jpg,iconography
0041.jpg,painting
1117.jpg,painting
1368.jpg,iconography
0291.jpg,painting
0310.jpg,drawings
1165.jpg,iconography
0783.jpg,iconography
1662.jpg,drawings
2352.jpg,engravings
1478.jpg,painting
2265.jpg,iconography
0855.jpg,iconography
2331.jpg,engravings
1694.jpg,iconography
1322.jpg,sculpture
1472.jpg,sculpture
2263.jpg,painting
0838.jpg,painting
1714.jpg,iconography
0372.jpg,sculpture
2356.jpg,engravings
0017.jpg,painting
2261.jpg,iconography
1210.jpg,painting
0283.jpg,painting
2306.jpg,drawings
1802.jpg,painting
1116.jpg,painting
1129.jpg,iconography
1909.jpg,painting
1264.jpg,iconography
0332.jpg,drawings
2001.jpg,drawings
0451.jpg,engravings
1448.jpg,painting
0113.jpg,painting
1282.jpg,engravings
1831.jpg,engravings
0136.jpg,painting
1276.jpg,iconography
0145.jpg,painting
0284.jpg,painting
1027.jpg,painting
0380.jpg,painting
0098.jpg,painting
1879.jpg,iconography
1937.jpg,iconography
1771.jpg,painting
0454.jpg,engravings
0897.jpg,sculpture
0307.jpg,painting
2014.jpg,iconography
1510.jpg,painting
0870.jpg,painting
0659.jpg,painting
0612.jpg,iconography
0009.jpg,painting
0769.jpg,iconography
0623.jpg,painting
0749.jpg,engravings
0358.jpg,painting
1598.jpg,painting
1504.jpg,engravings
1023.jpg,painting
1844.jpg,iconography
0835.jpg,sculpture
1852.jpg,engravings
2276.jpg,drawings
0813.jpg,painting
2128.jpg,iconography
1821.jpg,painting
1739.jpg,iconography
0385.jpg,drawings
1637.jpg,painting
0422.jpg,sculpture
0547.jpg,sculpture
2072.jpg,sculpture
0999.jpg,engravings
0177.jpg,painting
2112.jpg,painting
0006.jpg,painting
0561.jpg,engravings
0221.jpg,painting
1677.jpg,engravings
0732.jpg,painting
1069.jpg,iconography
1647.jpg,sculpture
1869.jpg,iconography
0435.jpg,drawings
1554.jpg,engravings
1367.jpg,painting
0088.jpg,painting
2245.jpg,painting
2030.jpg,drawings
0827.jpg,painting
1292.jpg,painting
0738.jpg,painting
1067.jpg,painting
1826.jpg,engravings
0577.jpg,iconography
1993.jpg,iconography
1766.jpg,painting
2157.jpg,engravings
1155.jpg,sculpture
1159.jpg,painting
1859.jpg,painting
1009.jpg,painting
0012.jpg,painting
1103.jpg,painting
0137.jpg,painting
1016.jpg,painting
1394.jpg,iconography
0453.jpg,painting
1761.jpg,engravings
0765.jpg,iconography
1056.jpg,iconography
2233.jpg,drawings
1223.jpg,painting
1877.jpg,drawings
1434.jpg,painting
1735.jpg,engravings
0124.jpg,engravings
0445.jpg,painting
1369.jpg,iconography
1620.jpg,painting
0632.jpg,engravings
0899.jpg,engravings
0572.jpg,sculpture
1804.jpg,drawings
2351.jpg,painting
2064.jpg,iconography
1522.jpg,sculpture
1923.jpg,painting
0289.jpg,iconography
0480.jpg,painting
2364.jpg,iconography
0280.jpg,painting
0985.jpg,painting
1055.jpg,engravings
1711.jpg,painting
0845.jpg,painting
0977.jpg,painting
1222.jpg,sculpture
0712.jpg,painting
1389.jpg,iconography
1215.jpg,iconography
0602.jpg,painting
1898.jpg,painting
0496.jpg,painting
0511.jpg,sculpture
1126.jpg,engravings
1805.jpg,engravings
0565.jpg,iconography
2070.jpg,painting
1607.jpg,drawings
1641.jpg,painting
0123.jpg,painting
0039.jpg,iconography
0782.jpg,sculpture
0635.jpg,iconography
0348.jpg,painting
0479.jpg,iconography
2203.jpg,engravings
0080.jpg,painting
2337.jpg,iconography
1676.jpg,engravings
0944.jpg,iconography
0474.jpg,engravings
2087.jpg,iconography
1213.jpg,painting
2042.jpg,painting
0201.jpg,iconography
0808.jpg,painting
1682.jpg,engravings
1351.jpg,sculpture
2095.jpg,painting
1939.jpg,iconography
2235.jpg,engravings
1746.jpg,painting
0340.jpg,iconography
2294.jpg,iconography
1926.jpg,drawings
1037.jpg,painting
1753.jpg,painting
0789.jpg,iconography
0968.jpg,iconography
0367.jpg,painting
0373.jpg,painting
1355.jpg,drawings
1560.jpg,painting
2130.jpg,drawings
0208.jpg,painting
0245.jpg,painting
i - 204.jpeg,engravings
517.png,drawings
i - 1073 20.26.19.jpeg,engravings
629.jpg,drawings
i - 830.jpeg,painting
i - 1123.jpeg,drawings
600.jpg,drawings
521.jpg,painting
547.jpeg,drawings
i - 557.jpeg,iconography
111.png,drawings
i - 319.jpeg,drawings
i - 645.jpeg,engravings
503.jpg,engravings
329.jpg,painting
i - 160.jpeg,sculpture
i - 894.jpeg,drawings
i - 63.jpeg,drawings
i - 325.jpeg,painting
i - 1131.jpeg,drawings
744.jpg,drawings
i - 900.jpeg,drawings
258.jpg,drawings
i - 385.jpeg,painting
i - 353.jpeg,iconography
i - 902.jpeg,engravings
i - 779.jpeg,drawings
i - 1539.jpeg,drawings
i - 618.jpeg,drawings
i - 416.jpeg,drawings
i - 647.jpeg,painting
275.jpg,drawings
i - 366 20.26.19.jpeg,iconography
i - 86.jpeg,iconography
i - 920.jpeg,sculpture
699.jpg,drawings
i - 909.jpeg,drawings
269.jpg,iconography
i - 374.jpeg,painting
146 18.59.20.jpg,iconography
366.jpg,drawings
i - 912.jpeg,drawings
1656_mainfoto_05.jpg,painting
i - 626.jpeg,drawings
347.jpg,drawings
236.jpg,sculpture
i - 1014.jpeg,drawings
i - 1088.jpeg,drawings
i - 1015.jpeg,drawings
i - 1503.jpeg,painting
i - 26.jpeg,drawings
i - 1446.jpeg,drawings
210.jpg,sculpture
i - 814.jpeg,painting
i - 283.jpeg,drawings
i - 719.jpeg,drawings
i - 1417.jpeg,painting
402.jpg,iconography
i - 85.jpeg,iconography
i - 1360.jpeg,iconography
i - 845.jpeg,drawings
i - 1434.jpeg,engravings
i - 670.jpeg,engravings
i - 452.jpeg,engravings
i - 832.jpeg,sculpture
i - 1163.jpeg,drawings
2683_mainfoto_05.jpg,painting
1836_mainfoto_05.jpg,engravings
i - 475.jpeg,painting
i - 1492.jpeg,sculpture
i - 115.jpeg,iconography
i - 383.jpeg,drawings
i - 357.jpeg,drawings
i - 1480.jpeg,drawings
i - 1555.jpeg,painting
i - 1326.jpeg,sculpture
i - 122.jpeg,painting
456.jpg,engravings
i - 552.jpeg,drawings
i - 1343.jpeg,painting
i - 494.jpeg,engravings
i - 454.jpeg,drawings
i - 1004.jpeg,engravings
i - 522.jpeg,sculpture
i - 276.jpeg,engravings
i - 1448.jpeg,iconography
i - 864.jpeg,iconography
i - 663.jpeg,engravings
592.jpg,drawings
i - 1012.jpeg,drawings
2641_mainfoto_05.jpg,drawings
i - 772.jpeg,engravings
i - 574.jpeg,engravings
i - 1078.jpeg,iconography
602.jpg,sculpture
i - 969.jpeg,painting
i - 742.jpeg,drawings
i - 669.jpeg,drawings
3148_mainfoto_05.jpg,engravings
327.jpg,painting
i - 945.jpeg,drawings
i - 795.jpeg,drawings
491.jpg,sculpture
i - 1115.jpeg,painting
i - 637.jpeg,painting
i - 819.jpeg,drawings
i - 1398.jpeg,sculpture
i - 27.jpeg,drawings
i - 983.jpeg,drawings
i - 1444.jpeg,sculpture
132.jpg,iconography
i - 730.jpeg,sculpture
i - 189.jpeg,engravings
i - 1065.jpeg,painting
i - 1535.jpeg,iconography
i - 371.jpeg,sculpture
349.jpg,sculpture
i - 815.jpeg,iconography
i - 73.jpeg,drawings
606.jpg,drawings
i - 3.jpeg,iconography
i - 428.jpeg,painting
6917_mainfoto_05.jpg,painting
i - 1462.jpeg,iconography
i - 1241.jpeg,painting
i - 420.jpeg,sculpture
577.jpg,drawings
i - 807.jpeg,engravings
i - 313.jpeg,engravings
i - 866.jpeg,painting
616.jpg,engravings
737.jpg,iconography
396.jpg,drawings
i - 534 20.26.19.jpeg,drawings
451.jpg,engravings
i - 768.jpeg,drawings
i - 392.jpeg,drawings
i - 1263.jpeg,drawings
i - 896 20.26.19.jpeg,drawings
i - 264.jpeg,sculpture
i - 911.jpeg,engravings
i - 1460.jpeg,drawings
i - 379.jpeg,iconography
i - 778 20.26.19.jpeg,engravings
i - 1157.jpeg,drawings
i - 639.jpeg,painting
301.jpg,iconography
i - 751.jpeg,drawings
i - 1058.jpeg,engravings
171.jpg,drawings
595.jpg,engravings
i - 1402.jpeg,sculpture
i - 1242.jpeg,painting
717.jpg,drawings
i - 1022.jpeg,drawings
i - 790.jpeg,sculpture
i - 813.jpeg,painting
i - 835.jpeg,painting
i - 1481.jpeg,engravings
i - 913.jpeg,drawings
356.jpg,drawings
i - 322.jpeg,painting
i - 564.jpeg,drawings
i - 518.jpeg,drawings
i - 799.jpeg,drawings
i - 1134.jpeg,sculpture
i - 50.jpeg,painting
i - 886.jpeg,painting
367.jpg,drawings
i - 891.jpeg,painting
i - 1053.jpeg,drawings
i - 1353.jpeg,painting
i - 1317.jpeg,sculpture
i - 476.jpeg,drawings
719.jpg,drawings
126.jpeg,drawings
350 18.59.20.jpg,sculpture
330.jpg,drawings
i - 408.jpeg,iconography
197.jpg,engravings
i - 1100.jpeg,engravings
i - 150.jpeg,iconography
i - 206.jpeg,engravings
i - 1415.jpeg,drawings
i - 98.jpeg,painting
i - 16.jpeg,painting
i - 22.jpeg,drawings
i - 767.jpeg,drawings
i - 1168.jpeg,engravings
i - 290.jpeg,engravings
i - 660.jpeg,drawings
i - 297.jpeg,engravings
i - 1170.jpeg,engravings
i - 395.jpeg,drawings
i - 1295.jpeg,drawings
652.jpg,painting
i - 1296.jpeg,sculpture
439.jpg,drawings
i - 998.jpeg,engravings
2669_mainfoto_05.jpg,engravings
i - 1250.jpeg,engravings
i - 1009.jpeg,sculpture
337.jpg,drawings
272.jpg,iconography
i - 1325.jpeg,drawings
i - 810.jpeg,painting
i - 1087.jpeg,engravings
i - 78.jpeg,painting
i - 549.jpeg,painting
i - 1220.jpeg,iconography
i - 802.jpeg,engravings
i - 562.jpeg,drawings
i - 1287.jpeg,engravings
i - 1475.jpeg,painting
i - 503.jpeg,painting
i - 1469.jpeg,engravings
i - 630.jpeg,drawings
i - 132.jpeg,engravings
i - 1234.jpeg,iconography
i - 464.jpeg,painting
i - 17.jpeg,iconography
i - 1051.jpeg,engravings
i - 578.jpeg,iconography
9.jpg,drawings
i - 827.jpeg,engravings
i - 1091.jpeg,drawings
i - 776.jpeg,engravings
i - 787.jpeg,sculpture
i - 560.jpeg,drawings
i - 331.jpeg,sculpture
i - 1077.jpeg,iconography
i - 314.jpeg,drawings
i - 96.jpeg,drawings
i - 162.jpeg,drawings
i - 63.jpeg,drawings
143.jpg,drawings
139.jpg,drawings
1684_mainfoto_05.jpg,drawings
i - 2.jpeg,drawings
198.jpg,drawings
i - 89.jpeg,drawings
305.jpg,drawings
i - 369.jpeg,drawings
71.jpg,drawings
160.jpg,drawings
347.jpg,drawings
267.jpg,drawings
i - 283.jpeg,drawings
312.jpg,drawings
216.jpg,drawings
i - 450.jpeg,drawings
286.jpg,drawings
i - 400.jpeg,drawings
i - 446.jpeg,drawings
10.jpg,drawings
233.jpg,drawings
i - 358.jpeg,drawings
i - 79.jpeg,drawings
i - 281.jpeg,drawings
i - 553.jpeg,drawings
i - 228.jpeg,drawings
i - 109.jpeg,drawings
i - 402.jpeg,drawings
i - 458.jpeg,drawings
i - 421.jpeg,engravings
i - 58.jpeg,drawings
i - 396.jpeg,drawings
i - 426.jpeg,drawings
i - 143.jpeg,drawings
i - 288.jpeg,drawings
i - 429.jpeg,drawings
i - 415.jpeg,drawings
i - 221.jpeg,drawings
i - 587.jpeg,drawings
i - 401.jpeg,drawings
171.jpg,drawings
30.jpg,drawings
i - 564.jpeg,drawings
i - 586.jpeg,drawings
203.jpg,drawings
187.jpg,engravings
107.jpg,drawings
i - 6.jpeg,drawings
330.jpg,drawings
i - 75.jpeg,drawings
280.jpg,drawings
i - 141.jpeg,drawings
i - 513.jpeg,drawings
i - 441.jpeg,drawings
i - 355.jpeg,drawings
i - 12.jpeg,drawings
i - 60.jpeg,drawings
i - 159.jpeg,drawings
i - 348.jpeg,drawings
i - 29.jpeg,drawings
136.jpg,drawings
i - 226.jpeg,drawings
i - 191.jpeg,drawings
i - 185.jpeg,drawings
265.jpg,drawings
i - 187.jpeg,drawings
i - 465.jpeg,drawings
i - 462.jpeg,drawings
i - 69.jpeg,drawings
i - 186.jpeg,drawings
25.jpg,drawings
i - 321.jpeg,drawings
i - 61.jpeg,drawings
i - 461.jpeg,drawings
i - 40.jpeg,drawings
i - 121.jpeg,drawings
167.jpg,drawings
i - 4.jpeg,drawings
98.jpg,drawings
i - 258.jpeg,drawings
i - 480.jpeg,drawings
i - 211.jpeg,drawings
i - 537.jpeg,drawings
i - 960.jpeg,drawings
i - 1129.jpeg,drawings
i - 1159.jpeg,drawings
i - 1201.jpeg,drawings
i - 1185 20.25.37.jpeg,engravings
i - 1131.jpeg,drawings
i - 484.jpeg,drawings
i - 496.jpeg,drawings
i - 627.jpeg,iconography
download (22).jpeg,engravings
i - 259.jpeg,drawings
i - 959.jpeg,drawings
i - 953.jpeg,drawings
i - 536.jpeg,drawings
i - 912.jpeg,drawings
i - 1174.jpeg,drawings
i - 262.jpeg,drawings
i - 89.jpeg,drawings
i - 434.jpeg,drawings
i - 157.jpeg,drawings
i - 326.jpeg,drawings
i - 403.jpeg,drawings
i - 1092.jpeg,drawings
images (48).jpeg,drawings
i - 1098.jpeg,drawings
i - 852.jpeg,drawings
i - 781.jpeg,drawings
i - 46.jpeg,drawings
i - 556.jpeg,drawings
i - 884.jpeg,drawings
images (56).jpeg,drawings
i - 144.jpeg,drawings
i - 357.jpeg,drawings
i - 358.jpeg,drawings
i - 1086.jpeg,painting
i - 602.jpeg,drawings
i - 410.jpeg,drawings
i - 454.jpeg,drawings
i - 109.jpeg,drawings
i - 179.jpeg,drawings
i - 676.jpeg,engravings
i - 981.jpeg,drawings
i - 801.jpeg,iconography
i - 435.jpeg,drawings
images (21).jpeg,drawings
i - 421.jpeg,engravings
i - 995.jpeg,drawings
images (4).jpeg,drawings
i - 426.jpeg,drawings
i - 746.jpeg,drawings
i - 442.jpeg,drawings
i - 558.jpeg,engravings
i - 481.jpeg,drawings
i - 699.jpeg,drawings
i - 190.jpeg,drawings
i - 505.jpeg,engravings
images (38).jpeg,drawings
i - 471.jpeg,drawings
i - 148.jpeg,drawings
i - 272.jpeg,engravings
i - 41.jpeg,drawings
i - 807.jpeg,engravings
images (73).jpeg,drawings
i - 1143.jpeg,painting
2202_mainfoto_05.jpg,drawings
i - 1190.jpeg,engravings
i - 901.jpeg,drawings
i - 163.jpeg,drawings
i - 751.jpeg,drawings
i - 572.jpeg,drawings
i - 308.jpeg,drawings
i - 563.jpeg,drawings
i - 813.jpeg,painting
images (45).jpeg,drawings
3429_mainfoto_05.jpg,drawings
i - 757.jpeg,drawings
3460_mainfoto_05.jpg,drawings
i - 447.jpeg,painting
i - 994.jpeg,drawings
i - 680.jpeg,drawings
i - 1083.jpeg,drawings
i - 268.jpeg,sculpture
2328_mainfoto_05.jpg,engravings
images (64).jpeg,drawings
i - 1139.jpeg,iconography
i - 1053.jpeg,drawings
images (2).jpeg,drawings
i - 893.jpeg,drawings
i - 477.jpeg,drawings
i - 131.jpeg,drawings
images (47).jpeg,drawings
i - 513.jpeg,drawings
i - 1100.jpeg,engravings
i - 653.jpeg,drawings
i - 1192.jpeg,drawings
i - 515.jpeg,engravings
i - 1072.jpeg,drawings
i - 789.jpeg,drawings
i - 767.jpeg,drawings
i - 114.jpeg,drawings
i - 1200.jpeg,drawings
i - 324.jpeg,drawings
i - 1204.jpeg,drawings
i - 869.jpeg,drawings
i - 185.jpeg,drawings
3399_mainfoto_05.jpg,drawings
images (9).jpeg,drawings
i - 137.jpeg,engravings
i - 957.jpeg,drawings
i - 462.jpeg,drawings
download (30).jpeg,painting
i - 545.jpeg,drawings
i - 1063.jpeg,painting
i - 1155.jpeg,drawings
i - 623.jpeg,drawings
i - 1034.jpeg,drawings
i - 1051.jpeg,engravings
i - 1091.jpeg,drawings
images (40).jpeg,drawings
